primer_pair95	CAAACTGGGATTAGA	AGGGTGACGGGCGGT	433
primer_pair308	GGTTTACGACCTCGA	ATCGTTGAACAAACG	74
primer_pair312	GGTTTACGACCTCGA	TTGAACAAACGAACC	70
primer_pair313	GGTTTACGACCTCGA	GTTGAACAAACGAAC	71
primer_pair315	GGTTTACGACCTCGA	AATCGTTGAACAAAC	75
primer_pair317	GGTTTACGACCTCGA	TCGTTGAACAAACGA	73
primer_pair319	GGTTTACGACCTCGA	CGTTGAACAAACGAA	72
primer_pair320	GGTTTACGACCTCGA	TTAATCGTTGAACAA	77
primer_pair322	GGTTTACGACCTCGA	TAATCGTTGAACAAA	76
primer_pair354	GTTTACGACCTCGAT	ATCGTTGAACAAACG	73
primer_pair358	GTTTACGACCTCGAT	TTGAACAAACGAACC	69
primer_pair360	GTTTACGACCTCGAT	GTTGAACAAACGAAC	70
primer_pair361	GTTTACGACCTCGAT	AATCGTTGAACAAAC	74
primer_pair363	GTTTACGACCTCGAT	TCGTTGAACAAACGA	72
primer_pair365	GTTTACGACCTCGAT	CGTTGAACAAACGAA	71
primer_pair366	GTTTACGACCTCGAT	TTAATCGTTGAACAA	76
primer_pair368	GTTTACGACCTCGAT	TAATCGTTGAACAAA	75
primer_pair400	TACGACCTCGATGTT	ATCGTTGAACAAACG	70
primer_pair404	TACGACCTCGATGTT	TTGAACAAACGAACC	66
primer_pair406	TACGACCTCGATGTT	GTTGAACAAACGAAC	67
primer_pair408	TACGACCTCGATGTT	AATCGTTGAACAAAC	71
primer_pair409	TACGACCTCGATGTT	TCGTTGAACAAACGA	69
primer_pair411	TACGACCTCGATGTT	CGTTGAACAAACGAA	68
primer_pair412	TACGACCTCGATGTT	TTAATCGTTGAACAA	73
primer_pair414	TACGACCTCGATGTT	TAATCGTTGAACAAA	72
primer_pair446	TTACGACCTCGATGT	ATCGTTGAACAAACG	71
primer_pair450	TTACGACCTCGATGT	TTGAACAAACGAACC	67
primer_pair452	TTACGACCTCGATGT	GTTGAACAAACGAAC	68
primer_pair454	TTACGACCTCGATGT	AATCGTTGAACAAAC	72
primer_pair456	TTACGACCTCGATGT	TCGTTGAACAAACGA	70
primer_pair457	TTACGACCTCGATGT	CGTTGAACAAACGAA	69
primer_pair458	TTACGACCTCGATGT	TTAATCGTTGAACAA	74
primer_pair460	TTACGACCTCGATGT	TAATCGTTGAACAAA	73
primer_pair515	TTTACGACCTCGATG	ATCGTTGAACAAACG	72
primer_pair519	TTTACGACCTCGATG	TTGAACAAACGAACC	68
primer_pair521	TTTACGACCTCGATG	GTTGAACAAACGAAC	69
primer_pair523	TTTACGACCTCGATG	AATCGTTGAACAAAC	73
primer_pair525	TTTACGACCTCGATG	TCGTTGAACAAACGA	71
primer_pair527	TTTACGACCTCGATG	CGTTGAACAAACGAA	70
primer_pair528	TTTACGACCTCGATG	TTAATCGTTGAACAA	75
primer_pair529	TTTACGACCTCGATG	TAATCGTTGAACAAA	74