CTGACCGTGCAAAGGTAGCATAATCACTTGTC	TACAGATAGAAACCGACCTGGATTTCTCCGGT	primer_pair322
CTGACCGTGCAAAGGTAGCATAATCACTTGTC	CAGATAGAAACCGACCTGGATTTCTCCGGTCT	primer_pair323
CTGACCGTGCAAAGGTAGCATAATCACTTGTC	AGAAACCGACCTGGATTTCTCCGGTCTGAACT	primer_pair326
CTGACCGTGCAAAGGTAGCATAATCACTTGTC	AGATAGAAACCGACCTGGATTTCTCCGGTCTG	primer_pair329
CTGACCGTGCAAAGGTAGCATAATCACTTGTC	AACCGACCTGGATTTCTCCGGTCTGAACTCAG	primer_pair331
CTGACCGTGCAAAGGTAGCATAATCACTTGTC	ACAGATAGAAACCGACCTGGATTTCTCCGGTC	primer_pair332
CTGACCGTGCAAAGGTAGCATAATCACTTGTC	GAAACCGACCTGGATTTCTCCGGTCTGAACTC	primer_pair333
CTGACCGTGCAAAGGTAGCATAATCACTTGTC	ACGTAGGACTTTAATCGTTGAACAAACGAACC	primer_pair334
CTGACCGTGCAAAGGTAGCATAATCACTTGTC	TAGAAACCGACCTGGATTTCTCCGGTCTGAAC	primer_pair336
CTGACCGTGCAAAGGTAGCATAATCACTTGTC	CACGTAGGACTTTAATCGTTGAACAAACGAAC	primer_pair337
CTGACCGTGCAAAGGTAGCATAATCACTTGTC	GATAGAAACCGACCTGGATTTCTCCGGTCTGA	primer_pair342
CTGACCGTGCAAAGGTAGCATAATCACTTGTC	ACCGACCTGGATTTCTCCGGTCTGAACTCAGA	primer_pair344
CTGACCGTGCAAAGGTAGCATAATCACTTGTC	AAACCGACCTGGATTTCTCCGGTCTGAACTCA	primer_pair345
CTGACCGTGCAAAGGTAGCATAATCACTTGTC	ATAGAAACCGACCTGGATTTCTCCGGTCTGAA	primer_pair347
CTGACCGTGCAAAGGTAGCATAATCACTTGTC	TCACGTAGGACTTTAATCGTTGAACAAACGAA	primer_pair348
GGTTCGTTTGTTCAACGATTAAAGTCCTACGT	TACAGATAGAAACCGACCTGGATTTCTCCGGT	primer_pair450
GGTTCGTTTGTTCAACGATTAAAGTCCTACGT	CAGATAGAAACCGACCTGGATTTCTCCGGTCT	primer_pair451
GGTTCGTTTGTTCAACGATTAAAGTCCTACGT	AGAAACCGACCTGGATTTCTCCGGTCTGAACT	primer_pair454
GGTTCGTTTGTTCAACGATTAAAGTCCTACGT	AGATAGAAACCGACCTGGATTTCTCCGGTCTG	primer_pair457
GGTTCGTTTGTTCAACGATTAAAGTCCTACGT	AACCGACCTGGATTTCTCCGGTCTGAACTCAG	primer_pair460
GGTTCGTTTGTTCAACGATTAAAGTCCTACGT	ACAGATAGAAACCGACCTGGATTTCTCCGGTC	primer_pair461
GGTTCGTTTGTTCAACGATTAAAGTCCTACGT	GAAACCGACCTGGATTTCTCCGGTCTGAACTC	primer_pair462
GGTTCGTTTGTTCAACGATTAAAGTCCTACGT	TAGAAACCGACCTGGATTTCTCCGGTCTGAAC	primer_pair464
GGTTCGTTTGTTCAACGATTAAAGTCCTACGT	GATAGAAACCGACCTGGATTTCTCCGGTCTGA	primer_pair470
GGTTCGTTTGTTCAACGATTAAAGTCCTACGT	ACCGACCTGGATTTCTCCGGTCTGAACTCAGA	primer_pair472
GGTTCGTTTGTTCAACGATTAAAGTCCTACGT	AAACCGACCTGGATTTCTCCGGTCTGAACTCA	primer_pair473
GGTTCGTTTGTTCAACGATTAAAGTCCTACGT	ATAGAAACCGACCTGGATTTCTCCGGTCTGAA	primer_pair475
GTTCGTTTGTTCAACGATTAAAGTCCTACGTG	TACAGATAGAAACCGACCTGGATTTCTCCGGT	primer_pair546
GTTCGTTTGTTCAACGATTAAAGTCCTACGTG	CAGATAGAAACCGACCTGGATTTCTCCGGTCT	primer_pair547
GTTCGTTTGTTCAACGATTAAAGTCCTACGTG	AGAAACCGACCTGGATTTCTCCGGTCTGAACT	primer_pair550
GTTCGTTTGTTCAACGATTAAAGTCCTACGTG	AGATAGAAACCGACCTGGATTTCTCCGGTCTG	primer_pair553
GTTCGTTTGTTCAACGATTAAAGTCCTACGTG	AACCGACCTGGATTTCTCCGGTCTGAACTCAG	primer_pair556
GTTCGTTTGTTCAACGATTAAAGTCCTACGTG	ACAGATAGAAACCGACCTGGATTTCTCCGGTC	primer_pair557
GTTCGTTTGTTCAACGATTAAAGTCCTACGTG	GAAACCGACCTGGATTTCTCCGGTCTGAACTC	primer_pair558
GTTCGTTTGTTCAACGATTAAAGTCCTACGTG	TAGAAACCGACCTGGATTTCTCCGGTCTGAAC	primer_pair561
GTTCGTTTGTTCAACGATTAAAGTCCTACGTG	GATAGAAACCGACCTGGATTTCTCCGGTCTGA	primer_pair566
GTTCGTTTGTTCAACGATTAAAGTCCTACGTG	ACCGACCTGGATTTCTCCGGTCTGAACTCAGA	primer_pair568
GTTCGTTTGTTCAACGATTAAAGTCCTACGTG	AAACCGACCTGGATTTCTCCGGTCTGAACTCA	primer_pair569
GTTCGTTTGTTCAACGATTAAAGTCCTACGTG	ATAGAAACCGACCTGGATTTCTCCGGTCTGAA	primer_pair571
TTCGTTTGTTCAACGATTAAAGTCCTACGTGA	TACAGATAGAAACCGACCTGGATTTCTCCGGT	primer_pair898
TTCGTTTGTTCAACGATTAAAGTCCTACGTGA	CAGATAGAAACCGACCTGGATTTCTCCGGTCT	primer_pair899
TTCGTTTGTTCAACGATTAAAGTCCTACGTGA	AGAAACCGACCTGGATTTCTCCGGTCTGAACT	primer_pair902
TTCGTTTGTTCAACGATTAAAGTCCTACGTGA	AGATAGAAACCGACCTGGATTTCTCCGGTCTG	primer_pair905
TTCGTTTGTTCAACGATTAAAGTCCTACGTGA	AACCGACCTGGATTTCTCCGGTCTGAACTCAG	primer_pair908
TTCGTTTGTTCAACGATTAAAGTCCTACGTGA	ACAGATAGAAACCGACCTGGATTTCTCCGGTC	primer_pair909
TTCGTTTGTTCAACGATTAAAGTCCTACGTGA	GAAACCGACCTGGATTTCTCCGGTCTGAACTC	primer_pair910
TTCGTTTGTTCAACGATTAAAGTCCTACGTGA	TAGAAACCGACCTGGATTTCTCCGGTCTGAAC	primer_pair913
TTCGTTTGTTCAACGATTAAAGTCCTACGTGA	GATAGAAACCGACCTGGATTTCTCCGGTCTGA	primer_pair919
TTCGTTTGTTCAACGATTAAAGTCCTACGTGA	ACCGACCTGGATTTCTCCGGTCTGAACTCAGA	primer_pair921
TTCGTTTGTTCAACGATTAAAGTCCTACGTGA	AAACCGACCTGGATTTCTCCGGTCTGAACTCA	primer_pair922
TTCGTTTGTTCAACGATTAAAGTCCTACGTGA	ATAGAAACCGACCTGGATTTCTCCGGTCTGAA	primer_pair924