CAAACTGGGATTAGA	AGGGTGACGGGCGGT	primer_pair95
GGTTTACGACCTCGA	ATCGTTGAACAAACG	primer_pair308
GGTTTACGACCTCGA	TTGAACAAACGAACC	primer_pair312
GGTTTACGACCTCGA	GTTGAACAAACGAAC	primer_pair313
GGTTTACGACCTCGA	AATCGTTGAACAAAC	primer_pair315
GGTTTACGACCTCGA	TCGTTGAACAAACGA	primer_pair317
GGTTTACGACCTCGA	CGTTGAACAAACGAA	primer_pair319
GGTTTACGACCTCGA	TTAATCGTTGAACAA	primer_pair320
GGTTTACGACCTCGA	TAATCGTTGAACAAA	primer_pair322
GTTTACGACCTCGAT	ATCGTTGAACAAACG	primer_pair354
GTTTACGACCTCGAT	TTGAACAAACGAACC	primer_pair358
GTTTACGACCTCGAT	GTTGAACAAACGAAC	primer_pair360
GTTTACGACCTCGAT	AATCGTTGAACAAAC	primer_pair361
GTTTACGACCTCGAT	TCGTTGAACAAACGA	primer_pair363
GTTTACGACCTCGAT	CGTTGAACAAACGAA	primer_pair365
GTTTACGACCTCGAT	TTAATCGTTGAACAA	primer_pair366
GTTTACGACCTCGAT	TAATCGTTGAACAAA	primer_pair368
TACGACCTCGATGTT	ATCGTTGAACAAACG	primer_pair400
TACGACCTCGATGTT	TTGAACAAACGAACC	primer_pair404
TACGACCTCGATGTT	GTTGAACAAACGAAC	primer_pair406
TACGACCTCGATGTT	AATCGTTGAACAAAC	primer_pair408
TACGACCTCGATGTT	TCGTTGAACAAACGA	primer_pair409
TACGACCTCGATGTT	CGTTGAACAAACGAA	primer_pair411
TACGACCTCGATGTT	TTAATCGTTGAACAA	primer_pair412
TACGACCTCGATGTT	TAATCGTTGAACAAA	primer_pair414
TTACGACCTCGATGT	ATCGTTGAACAAACG	primer_pair446
TTACGACCTCGATGT	TTGAACAAACGAACC	primer_pair450
TTACGACCTCGATGT	GTTGAACAAACGAAC	primer_pair452
TTACGACCTCGATGT	AATCGTTGAACAAAC	primer_pair454
TTACGACCTCGATGT	TCGTTGAACAAACGA	primer_pair456
TTACGACCTCGATGT	CGTTGAACAAACGAA	primer_pair457
TTACGACCTCGATGT	TTAATCGTTGAACAA	primer_pair458
TTACGACCTCGATGT	TAATCGTTGAACAAA	primer_pair460
TTTACGACCTCGATG	ATCGTTGAACAAACG	primer_pair515
TTTACGACCTCGATG	TTGAACAAACGAACC	primer_pair519
TTTACGACCTCGATG	GTTGAACAAACGAAC	primer_pair521
TTTACGACCTCGATG	AATCGTTGAACAAAC	primer_pair523
TTTACGACCTCGATG	TCGTTGAACAAACGA	primer_pair525
TTTACGACCTCGATG	CGTTGAACAAACGAA	primer_pair527
TTTACGACCTCGATG	TTAATCGTTGAACAA	primer_pair528
TTTACGACCTCGATG	TAATCGTTGAACAAA	primer_pair529