AAAGGAAGGAATCGA	TTCGATTCCTTCCTT	primer_pair1
AAAGGAAGGAATCGA	AGGGTGACGGGCGGT	primer_pair2
AAAGGAAGGAATCGA	GTTCGATTCCTTCCT	primer_pair3
AAAGGAAGGAATCGA	TCTAATCCCAGTTTG	primer_pair4
AAAGGAAGGAATCGA	CATTTTCGGGGTATG	primer_pair5
AAAGGAAGGAATCGA	ATTTTCGGGGTATGG	primer_pair6
AAAGGAAGGAATCGA	TTTTCGGGGTATGGG	primer_pair7
AAAGGAAGGAATCGA	ATCGTTGAACAAACG	primer_pair8
AAAGGAAGGAATCGA	TTTCGGGGTATGGGC	primer_pair9
AAAGGAAGGAATCGA	GGTTCGATTCCTTCC	primer_pair10
AAAGGAAGGAATCGA	TTCGGGGTATGGGCC	primer_pair11
AAAGGAAGGAATCGA	TTGAACAAACGAACC	primer_pair12
AAAGGAAGGAATCGA	TCGAGGTCGTAAACC	primer_pair13
AAAGGAAGGAATCGA	GTTGAACAAACGAAC	primer_pair14
AAAGGAAGGAATCGA	ATCGAGGTCGTAAAC	primer_pair15
AAAGGAAGGAATCGA	AATCGTTGAACAAAC	primer_pair16
AAAGGAAGGAATCGA	AACATCGAGGTCGTA	primer_pair17
AAAGGAAGGAATCGA	TCGTTGAACAAACGA	primer_pair18
AAAGGAAGGAATCGA	ACATCGAGGTCGTAA	primer_pair19
AAAGGAAGGAATCGA	CGTTGAACAAACGAA	primer_pair20
AAAGGAAGGAATCGA	TTAATCGTTGAACAA	primer_pair21
AAAGGAAGGAATCGA	CATCGAGGTCGTAAA	primer_pair22
AAAGGAAGGAATCGA	TAATCGTTGAACAAA	primer_pair23
AAGGAAGGAATCGAA	TCGATTCCTTCCTTT	primer_pair24
AAGGAAGGAATCGAA	AGGGTGACGGGCGGT	primer_pair25
AAGGAAGGAATCGAA	GTTCGATTCCTTCCT	primer_pair26
AAGGAAGGAATCGAA	TCTAATCCCAGTTTG	primer_pair27
AAGGAAGGAATCGAA	CATTTTCGGGGTATG	primer_pair28
AAGGAAGGAATCGAA	ATTTTCGGGGTATGG	primer_pair29
AAGGAAGGAATCGAA	TTTTCGGGGTATGGG	primer_pair30
AAGGAAGGAATCGAA	ATCGTTGAACAAACG	primer_pair31
AAGGAAGGAATCGAA	TTTCGGGGTATGGGC	primer_pair32
AAGGAAGGAATCGAA	GGTTCGATTCCTTCC	primer_pair33
AAGGAAGGAATCGAA	TTCGGGGTATGGGCC	primer_pair34
AAGGAAGGAATCGAA	TTGAACAAACGAACC	primer_pair35
AAGGAAGGAATCGAA	TCGAGGTCGTAAACC	primer_pair36
AAGGAAGGAATCGAA	GTTGAACAAACGAAC	primer_pair37
AAGGAAGGAATCGAA	ATCGAGGTCGTAAAC	primer_pair38
AAGGAAGGAATCGAA	AATCGTTGAACAAAC	primer_pair39
AAGGAAGGAATCGAA	AACATCGAGGTCGTA	primer_pair40
AAGGAAGGAATCGAA	TCGTTGAACAAACGA	primer_pair41
AAGGAAGGAATCGAA	ACATCGAGGTCGTAA	primer_pair42
AAGGAAGGAATCGAA	CGTTGAACAAACGAA	primer_pair43
AAGGAAGGAATCGAA	TTAATCGTTGAACAA	primer_pair44
AAGGAAGGAATCGAA	CATCGAGGTCGTAAA	primer_pair45
AAGGAAGGAATCGAA	TAATCGTTGAACAAA	primer_pair46
ACCGCCCGTCACCCT	TCGATTCCTTCCTTT	primer_pair47
ACCGCCCGTCACCCT	TTCGATTCCTTCCTT	primer_pair48
ACCGCCCGTCACCCT	GTTCGATTCCTTCCT	primer_pair49
ACCGCCCGTCACCCT	TCTAATCCCAGTTTG	primer_pair50
ACCGCCCGTCACCCT	CATTTTCGGGGTATG	primer_pair51
ACCGCCCGTCACCCT	ATTTTCGGGGTATGG	primer_pair52
ACCGCCCGTCACCCT	TTTTCGGGGTATGGG	primer_pair53
ACCGCCCGTCACCCT	ATCGTTGAACAAACG	primer_pair54
ACCGCCCGTCACCCT	TTTCGGGGTATGGGC	primer_pair55
ACCGCCCGTCACCCT	GGTTCGATTCCTTCC	primer_pair56
ACCGCCCGTCACCCT	TTCGGGGTATGGGCC	primer_pair57
ACCGCCCGTCACCCT	TTGAACAAACGAACC	primer_pair58
ACCGCCCGTCACCCT	TCGAGGTCGTAAACC	primer_pair59
ACCGCCCGTCACCCT	GTTGAACAAACGAAC	primer_pair60
ACCGCCCGTCACCCT	ATCGAGGTCGTAAAC	primer_pair61
ACCGCCCGTCACCCT	AATCGTTGAACAAAC	primer_pair62
ACCGCCCGTCACCCT	AACATCGAGGTCGTA	primer_pair63
ACCGCCCGTCACCCT	TCGTTGAACAAACGA	primer_pair64
ACCGCCCGTCACCCT	ACATCGAGGTCGTAA	primer_pair65
ACCGCCCGTCACCCT	CGTTGAACAAACGAA	primer_pair66
ACCGCCCGTCACCCT	TTAATCGTTGAACAA	primer_pair67
ACCGCCCGTCACCCT	CATCGAGGTCGTAAA	primer_pair68
ACCGCCCGTCACCCT	TAATCGTTGAACAAA	primer_pair69
AGGAAGGAATCGAAC	TCGATTCCTTCCTTT	primer_pair70
AGGAAGGAATCGAAC	TTCGATTCCTTCCTT	primer_pair71
AGGAAGGAATCGAAC	AGGGTGACGGGCGGT	primer_pair72
AGGAAGGAATCGAAC	TCTAATCCCAGTTTG	primer_pair73
AGGAAGGAATCGAAC	CATTTTCGGGGTATG	primer_pair74
AGGAAGGAATCGAAC	ATTTTCGGGGTATGG	primer_pair75
AGGAAGGAATCGAAC	TTTTCGGGGTATGGG	primer_pair76
AGGAAGGAATCGAAC	ATCGTTGAACAAACG	primer_pair77
AGGAAGGAATCGAAC	TTTCGGGGTATGGGC	primer_pair78
AGGAAGGAATCGAAC	GGTTCGATTCCTTCC	primer_pair79
AGGAAGGAATCGAAC	TTCGGGGTATGGGCC	primer_pair80
AGGAAGGAATCGAAC	TTGAACAAACGAACC	primer_pair81
AGGAAGGAATCGAAC	TCGAGGTCGTAAACC	primer_pair82
AGGAAGGAATCGAAC	GTTGAACAAACGAAC	primer_pair83
AGGAAGGAATCGAAC	ATCGAGGTCGTAAAC	primer_pair84
AGGAAGGAATCGAAC	AATCGTTGAACAAAC	primer_pair85
AGGAAGGAATCGAAC	AACATCGAGGTCGTA	primer_pair86
AGGAAGGAATCGAAC	TCGTTGAACAAACGA	primer_pair87
AGGAAGGAATCGAAC	ACATCGAGGTCGTAA	primer_pair88
AGGAAGGAATCGAAC	CGTTGAACAAACGAA	primer_pair89
AGGAAGGAATCGAAC	TTAATCGTTGAACAA	primer_pair90
AGGAAGGAATCGAAC	CATCGAGGTCGTAAA	primer_pair91
AGGAAGGAATCGAAC	TAATCGTTGAACAAA	primer_pair92
CAAACTGGGATTAGA	TCGATTCCTTCCTTT	primer_pair93
CAAACTGGGATTAGA	TTCGATTCCTTCCTT	primer_pair94
CAAACTGGGATTAGA	AGGGTGACGGGCGGT	primer_pair95
CAAACTGGGATTAGA	GTTCGATTCCTTCCT	primer_pair96
CAAACTGGGATTAGA	CATTTTCGGGGTATG	primer_pair97
CAAACTGGGATTAGA	ATTTTCGGGGTATGG	primer_pair98
CAAACTGGGATTAGA	TTTTCGGGGTATGGG	primer_pair99
CAAACTGGGATTAGA	ATCGTTGAACAAACG	primer_pair100
CAAACTGGGATTAGA	TTTCGGGGTATGGGC	primer_pair101
CAAACTGGGATTAGA	GGTTCGATTCCTTCC	primer_pair102
CAAACTGGGATTAGA	TTCGGGGTATGGGCC	primer_pair103
CAAACTGGGATTAGA	TTGAACAAACGAACC	primer_pair104
CAAACTGGGATTAGA	TCGAGGTCGTAAACC	primer_pair105
CAAACTGGGATTAGA	GTTGAACAAACGAAC	primer_pair106
CAAACTGGGATTAGA	ATCGAGGTCGTAAAC	primer_pair107
CAAACTGGGATTAGA	AATCGTTGAACAAAC	primer_pair108
CAAACTGGGATTAGA	AACATCGAGGTCGTA	primer_pair109
CAAACTGGGATTAGA	TCGTTGAACAAACGA	primer_pair110
CAAACTGGGATTAGA	ACATCGAGGTCGTAA	primer_pair111
CAAACTGGGATTAGA	CGTTGAACAAACGAA	primer_pair112
CAAACTGGGATTAGA	TTAATCGTTGAACAA	primer_pair113
CAAACTGGGATTAGA	CATCGAGGTCGTAAA	primer_pair114
CAAACTGGGATTAGA	TAATCGTTGAACAAA	primer_pair115
CATACCCCGAAAATG	TCGATTCCTTCCTTT	primer_pair116
CATACCCCGAAAATG	TTCGATTCCTTCCTT	primer_pair117
CATACCCCGAAAATG	AGGGTGACGGGCGGT	primer_pair118
CATACCCCGAAAATG	GTTCGATTCCTTCCT	primer_pair119
CATACCCCGAAAATG	TCTAATCCCAGTTTG	primer_pair120
CATACCCCGAAAATG	ATTTTCGGGGTATGG	primer_pair121
CATACCCCGAAAATG	TTTTCGGGGTATGGG	primer_pair122
CATACCCCGAAAATG	ATCGTTGAACAAACG	primer_pair123
CATACCCCGAAAATG	TTTCGGGGTATGGGC	primer_pair124
CATACCCCGAAAATG	GGTTCGATTCCTTCC	primer_pair125
CATACCCCGAAAATG	TTCGGGGTATGGGCC	primer_pair126
CATACCCCGAAAATG	TTGAACAAACGAACC	primer_pair127
CATACCCCGAAAATG	TCGAGGTCGTAAACC	primer_pair128
CATACCCCGAAAATG	GTTGAACAAACGAAC	primer_pair129
CATACCCCGAAAATG	ATCGAGGTCGTAAAC	primer_pair130
CATACCCCGAAAATG	AATCGTTGAACAAAC	primer_pair131
CATACCCCGAAAATG	AACATCGAGGTCGTA	primer_pair132
CATACCCCGAAAATG	TCGTTGAACAAACGA	primer_pair133
CATACCCCGAAAATG	ACATCGAGGTCGTAA	primer_pair134
CATACCCCGAAAATG	CGTTGAACAAACGAA	primer_pair135
CATACCCCGAAAATG	TTAATCGTTGAACAA	primer_pair136
CATACCCCGAAAATG	CATCGAGGTCGTAAA	primer_pair137
CATACCCCGAAAATG	TAATCGTTGAACAAA	primer_pair138
CCATACCCCGAAAAT	TCGATTCCTTCCTTT	primer_pair139
CCATACCCCGAAAAT	TTCGATTCCTTCCTT	primer_pair140
CCATACCCCGAAAAT	AGGGTGACGGGCGGT	primer_pair141
CCATACCCCGAAAAT	GTTCGATTCCTTCCT	primer_pair142
CCATACCCCGAAAAT	TCTAATCCCAGTTTG	primer_pair143
CCATACCCCGAAAAT	CATTTTCGGGGTATG	primer_pair144
CCATACCCCGAAAAT	TTTTCGGGGTATGGG	primer_pair145
CCATACCCCGAAAAT	ATCGTTGAACAAACG	primer_pair146
CCATACCCCGAAAAT	TTTCGGGGTATGGGC	primer_pair147
CCATACCCCGAAAAT	GGTTCGATTCCTTCC	primer_pair148
CCATACCCCGAAAAT	TTCGGGGTATGGGCC	primer_pair149
CCATACCCCGAAAAT	TTGAACAAACGAACC	primer_pair150
CCATACCCCGAAAAT	TCGAGGTCGTAAACC	primer_pair151
CCATACCCCGAAAAT	GTTGAACAAACGAAC	primer_pair152
CCATACCCCGAAAAT	ATCGAGGTCGTAAAC	primer_pair153
CCATACCCCGAAAAT	AATCGTTGAACAAAC	primer_pair154
CCATACCCCGAAAAT	AACATCGAGGTCGTA	primer_pair155
CCATACCCCGAAAAT	TCGTTGAACAAACGA	primer_pair156
CCATACCCCGAAAAT	ACATCGAGGTCGTAA	primer_pair157
CCATACCCCGAAAAT	CGTTGAACAAACGAA	primer_pair158
CCATACCCCGAAAAT	TTAATCGTTGAACAA	primer_pair159
CCATACCCCGAAAAT	CATCGAGGTCGTAAA	primer_pair160
CCATACCCCGAAAAT	TAATCGTTGAACAAA	primer_pair161
CCCATACCCCGAAAA	TCGATTCCTTCCTTT	primer_pair162
CCCATACCCCGAAAA	TTCGATTCCTTCCTT	primer_pair163
CCCATACCCCGAAAA	AGGGTGACGGGCGGT	primer_pair164
CCCATACCCCGAAAA	GTTCGATTCCTTCCT	primer_pair165
CCCATACCCCGAAAA	TCTAATCCCAGTTTG	primer_pair166
CCCATACCCCGAAAA	CATTTTCGGGGTATG	primer_pair167
CCCATACCCCGAAAA	ATTTTCGGGGTATGG	primer_pair168
CCCATACCCCGAAAA	ATCGTTGAACAAACG	primer_pair169
CCCATACCCCGAAAA	TTTCGGGGTATGGGC	primer_pair170
CCCATACCCCGAAAA	GGTTCGATTCCTTCC	primer_pair171
CCCATACCCCGAAAA	TTCGGGGTATGGGCC	primer_pair172
CCCATACCCCGAAAA	TTGAACAAACGAACC	primer_pair173
CCCATACCCCGAAAA	TCGAGGTCGTAAACC	primer_pair174
CCCATACCCCGAAAA	GTTGAACAAACGAAC	primer_pair175
CCCATACCCCGAAAA	ATCGAGGTCGTAAAC	primer_pair176
CCCATACCCCGAAAA	AATCGTTGAACAAAC	primer_pair177
CCCATACCCCGAAAA	AACATCGAGGTCGTA	primer_pair178
CCCATACCCCGAAAA	TCGTTGAACAAACGA	primer_pair179
CCCATACCCCGAAAA	ACATCGAGGTCGTAA	primer_pair180
CCCATACCCCGAAAA	CGTTGAACAAACGAA	primer_pair181
CCCATACCCCGAAAA	TTAATCGTTGAACAA	primer_pair182
CCCATACCCCGAAAA	CATCGAGGTCGTAAA	primer_pair183
CCCATACCCCGAAAA	TAATCGTTGAACAAA	primer_pair184
CGTTTGTTCAACGAT	TCGATTCCTTCCTTT	primer_pair185
CGTTTGTTCAACGAT	TTCGATTCCTTCCTT	primer_pair186
CGTTTGTTCAACGAT	AGGGTGACGGGCGGT	primer_pair187
CGTTTGTTCAACGAT	GTTCGATTCCTTCCT	primer_pair188
CGTTTGTTCAACGAT	TCTAATCCCAGTTTG	primer_pair189
CGTTTGTTCAACGAT	CATTTTCGGGGTATG	primer_pair190
CGTTTGTTCAACGAT	ATTTTCGGGGTATGG	primer_pair191
CGTTTGTTCAACGAT	TTTTCGGGGTATGGG	primer_pair192
CGTTTGTTCAACGAT	TTTCGGGGTATGGGC	primer_pair193
CGTTTGTTCAACGAT	GGTTCGATTCCTTCC	primer_pair194
CGTTTGTTCAACGAT	TTCGGGGTATGGGCC	primer_pair195
CGTTTGTTCAACGAT	TTGAACAAACGAACC	primer_pair196
CGTTTGTTCAACGAT	TCGAGGTCGTAAACC	primer_pair197
CGTTTGTTCAACGAT	GTTGAACAAACGAAC	primer_pair198
CGTTTGTTCAACGAT	ATCGAGGTCGTAAAC	primer_pair199
CGTTTGTTCAACGAT	AATCGTTGAACAAAC	primer_pair200
CGTTTGTTCAACGAT	AACATCGAGGTCGTA	primer_pair201
CGTTTGTTCAACGAT	TCGTTGAACAAACGA	primer_pair202
CGTTTGTTCAACGAT	ACATCGAGGTCGTAA	primer_pair203
CGTTTGTTCAACGAT	CGTTGAACAAACGAA	primer_pair204
CGTTTGTTCAACGAT	TTAATCGTTGAACAA	primer_pair205
CGTTTGTTCAACGAT	CATCGAGGTCGTAAA	primer_pair206
CGTTTGTTCAACGAT	TAATCGTTGAACAAA	primer_pair207
GCCCATACCCCGAAA	TCGATTCCTTCCTTT	primer_pair208
GCCCATACCCCGAAA	TTCGATTCCTTCCTT	primer_pair209
GCCCATACCCCGAAA	AGGGTGACGGGCGGT	primer_pair210
GCCCATACCCCGAAA	GTTCGATTCCTTCCT	primer_pair211
GCCCATACCCCGAAA	TCTAATCCCAGTTTG	primer_pair212
GCCCATACCCCGAAA	CATTTTCGGGGTATG	primer_pair213
GCCCATACCCCGAAA	ATTTTCGGGGTATGG	primer_pair214
GCCCATACCCCGAAA	TTTTCGGGGTATGGG	primer_pair215
GCCCATACCCCGAAA	ATCGTTGAACAAACG	primer_pair216
GCCCATACCCCGAAA	GGTTCGATTCCTTCC	primer_pair217
GCCCATACCCCGAAA	TTCGGGGTATGGGCC	primer_pair218
GCCCATACCCCGAAA	TTGAACAAACGAACC	primer_pair219
GCCCATACCCCGAAA	TCGAGGTCGTAAACC	primer_pair220
GCCCATACCCCGAAA	GTTGAACAAACGAAC	primer_pair221
GCCCATACCCCGAAA	ATCGAGGTCGTAAAC	primer_pair222
GCCCATACCCCGAAA	AATCGTTGAACAAAC	primer_pair223
GCCCATACCCCGAAA	AACATCGAGGTCGTA	primer_pair224
GCCCATACCCCGAAA	TCGTTGAACAAACGA	primer_pair225
GCCCATACCCCGAAA	ACATCGAGGTCGTAA	primer_pair226
GCCCATACCCCGAAA	CGTTGAACAAACGAA	primer_pair227
GCCCATACCCCGAAA	TTAATCGTTGAACAA	primer_pair228
GCCCATACCCCGAAA	CATCGAGGTCGTAAA	primer_pair229
GCCCATACCCCGAAA	TAATCGTTGAACAAA	primer_pair230
GGAAGGAATCGAACC	TCGATTCCTTCCTTT	primer_pair231
GGAAGGAATCGAACC	TTCGATTCCTTCCTT	primer_pair232
GGAAGGAATCGAACC	AGGGTGACGGGCGGT	primer_pair233
GGAAGGAATCGAACC	GTTCGATTCCTTCCT	primer_pair234
GGAAGGAATCGAACC	TCTAATCCCAGTTTG	primer_pair235
GGAAGGAATCGAACC	CATTTTCGGGGTATG	primer_pair236
GGAAGGAATCGAACC	ATTTTCGGGGTATGG	primer_pair237
GGAAGGAATCGAACC	TTTTCGGGGTATGGG	primer_pair238
GGAAGGAATCGAACC	ATCGTTGAACAAACG	primer_pair239
GGAAGGAATCGAACC	TTTCGGGGTATGGGC	primer_pair240
GGAAGGAATCGAACC	TTCGGGGTATGGGCC	primer_pair241
GGAAGGAATCGAACC	TTGAACAAACGAACC	primer_pair242
GGAAGGAATCGAACC	TCGAGGTCGTAAACC	primer_pair243
GGAAGGAATCGAACC	GTTGAACAAACGAAC	primer_pair244
GGAAGGAATCGAACC	ATCGAGGTCGTAAAC	primer_pair245
GGAAGGAATCGAACC	AATCGTTGAACAAAC	primer_pair246
GGAAGGAATCGAACC	AACATCGAGGTCGTA	primer_pair247
GGAAGGAATCGAACC	TCGTTGAACAAACGA	primer_pair248
GGAAGGAATCGAACC	ACATCGAGGTCGTAA	primer_pair249
GGAAGGAATCGAACC	CGTTGAACAAACGAA	primer_pair250
GGAAGGAATCGAACC	TTAATCGTTGAACAA	primer_pair251
GGAAGGAATCGAACC	CATCGAGGTCGTAAA	primer_pair252
GGAAGGAATCGAACC	TAATCGTTGAACAAA	primer_pair253
GGCCCATACCCCGAA	TCGATTCCTTCCTTT	primer_pair254
GGCCCATACCCCGAA	TTCGATTCCTTCCTT	primer_pair255
GGCCCATACCCCGAA	AGGGTGACGGGCGGT	primer_pair256
GGCCCATACCCCGAA	GTTCGATTCCTTCCT	primer_pair257
GGCCCATACCCCGAA	TCTAATCCCAGTTTG	primer_pair258
GGCCCATACCCCGAA	CATTTTCGGGGTATG	primer_pair259
GGCCCATACCCCGAA	ATTTTCGGGGTATGG	primer_pair260
GGCCCATACCCCGAA	TTTTCGGGGTATGGG	primer_pair261
GGCCCATACCCCGAA	ATCGTTGAACAAACG	primer_pair262
GGCCCATACCCCGAA	TTTCGGGGTATGGGC	primer_pair263
GGCCCATACCCCGAA	GGTTCGATTCCTTCC	primer_pair264
GGCCCATACCCCGAA	TTGAACAAACGAACC	primer_pair265
GGCCCATACCCCGAA	TCGAGGTCGTAAACC	primer_pair266
GGCCCATACCCCGAA	GTTGAACAAACGAAC	primer_pair267
GGCCCATACCCCGAA	ATCGAGGTCGTAAAC	primer_pair268
GGCCCATACCCCGAA	AATCGTTGAACAAAC	primer_pair269
GGCCCATACCCCGAA	AACATCGAGGTCGTA	primer_pair270
GGCCCATACCCCGAA	TCGTTGAACAAACGA	primer_pair271
GGCCCATACCCCGAA	ACATCGAGGTCGTAA	primer_pair272
GGCCCATACCCCGAA	CGTTGAACAAACGAA	primer_pair273
GGCCCATACCCCGAA	TTAATCGTTGAACAA	primer_pair274
GGCCCATACCCCGAA	CATCGAGGTCGTAAA	primer_pair275
GGCCCATACCCCGAA	TAATCGTTGAACAAA	primer_pair276
GGTTCGTTTGTTCAA	TCGATTCCTTCCTTT	primer_pair277
GGTTCGTTTGTTCAA	TTCGATTCCTTCCTT	primer_pair278
GGTTCGTTTGTTCAA	AGGGTGACGGGCGGT	primer_pair279
GGTTCGTTTGTTCAA	GTTCGATTCCTTCCT	primer_pair280
GGTTCGTTTGTTCAA	TCTAATCCCAGTTTG	primer_pair281
GGTTCGTTTGTTCAA	CATTTTCGGGGTATG	primer_pair282
GGTTCGTTTGTTCAA	ATTTTCGGGGTATGG	primer_pair283
GGTTCGTTTGTTCAA	TTTTCGGGGTATGGG	primer_pair284
GGTTCGTTTGTTCAA	ATCGTTGAACAAACG	primer_pair285
GGTTCGTTTGTTCAA	TTTCGGGGTATGGGC	primer_pair286
GGTTCGTTTGTTCAA	GGTTCGATTCCTTCC	primer_pair287
GGTTCGTTTGTTCAA	TTCGGGGTATGGGCC	primer_pair288
GGTTCGTTTGTTCAA	TCGAGGTCGTAAACC	primer_pair289
GGTTCGTTTGTTCAA	GTTGAACAAACGAAC	primer_pair290
GGTTCGTTTGTTCAA	ATCGAGGTCGTAAAC	primer_pair291
GGTTCGTTTGTTCAA	AATCGTTGAACAAAC	primer_pair292
GGTTCGTTTGTTCAA	AACATCGAGGTCGTA	primer_pair293
GGTTCGTTTGTTCAA	TCGTTGAACAAACGA	primer_pair294
GGTTCGTTTGTTCAA	ACATCGAGGTCGTAA	primer_pair295
GGTTCGTTTGTTCAA	CGTTGAACAAACGAA	primer_pair296
GGTTCGTTTGTTCAA	TTAATCGTTGAACAA	primer_pair297
GGTTCGTTTGTTCAA	CATCGAGGTCGTAAA	primer_pair298
GGTTCGTTTGTTCAA	TAATCGTTGAACAAA	primer_pair299
GGTTTACGACCTCGA	TCGATTCCTTCCTTT	primer_pair300
GGTTTACGACCTCGA	TTCGATTCCTTCCTT	primer_pair301
GGTTTACGACCTCGA	AGGGTGACGGGCGGT	primer_pair302
GGTTTACGACCTCGA	GTTCGATTCCTTCCT	primer_pair303
GGTTTACGACCTCGA	TCTAATCCCAGTTTG	primer_pair304
GGTTTACGACCTCGA	CATTTTCGGGGTATG	primer_pair305
GGTTTACGACCTCGA	ATTTTCGGGGTATGG	primer_pair306
GGTTTACGACCTCGA	TTTTCGGGGTATGGG	primer_pair307
GGTTTACGACCTCGA	ATCGTTGAACAAACG	primer_pair308
GGTTTACGACCTCGA	TTTCGGGGTATGGGC	primer_pair309
GGTTTACGACCTCGA	GGTTCGATTCCTTCC	primer_pair310
GGTTTACGACCTCGA	TTCGGGGTATGGGCC	primer_pair311
GGTTTACGACCTCGA	TTGAACAAACGAACC	primer_pair312
GGTTTACGACCTCGA	GTTGAACAAACGAAC	primer_pair313
GGTTTACGACCTCGA	ATCGAGGTCGTAAAC	primer_pair314
GGTTTACGACCTCGA	AATCGTTGAACAAAC	primer_pair315
GGTTTACGACCTCGA	AACATCGAGGTCGTA	primer_pair316
GGTTTACGACCTCGA	TCGTTGAACAAACGA	primer_pair317
GGTTTACGACCTCGA	ACATCGAGGTCGTAA	primer_pair318
GGTTTACGACCTCGA	CGTTGAACAAACGAA	primer_pair319
GGTTTACGACCTCGA	TTAATCGTTGAACAA	primer_pair320
GGTTTACGACCTCGA	CATCGAGGTCGTAAA	primer_pair321
GGTTTACGACCTCGA	TAATCGTTGAACAAA	primer_pair322
GTTCGTTTGTTCAAC	TCGATTCCTTCCTTT	primer_pair323
GTTCGTTTGTTCAAC	TTCGATTCCTTCCTT	primer_pair324
GTTCGTTTGTTCAAC	AGGGTGACGGGCGGT	primer_pair325
GTTCGTTTGTTCAAC	GTTCGATTCCTTCCT	primer_pair326
GTTCGTTTGTTCAAC	TCTAATCCCAGTTTG	primer_pair327
GTTCGTTTGTTCAAC	CATTTTCGGGGTATG	primer_pair328
GTTCGTTTGTTCAAC	ATTTTCGGGGTATGG	primer_pair329
GTTCGTTTGTTCAAC	TTTTCGGGGTATGGG	primer_pair330
GTTCGTTTGTTCAAC	ATCGTTGAACAAACG	primer_pair331
GTTCGTTTGTTCAAC	TTTCGGGGTATGGGC	primer_pair332
GTTCGTTTGTTCAAC	GGTTCGATTCCTTCC	primer_pair333
GTTCGTTTGTTCAAC	TTCGGGGTATGGGCC	primer_pair334
GTTCGTTTGTTCAAC	TTGAACAAACGAACC	primer_pair335
GTTCGTTTGTTCAAC	TCGAGGTCGTAAACC	primer_pair336
GTTCGTTTGTTCAAC	ATCGAGGTCGTAAAC	primer_pair337
GTTCGTTTGTTCAAC	AATCGTTGAACAAAC	primer_pair338
GTTCGTTTGTTCAAC	AACATCGAGGTCGTA	primer_pair339
GTTCGTTTGTTCAAC	TCGTTGAACAAACGA	primer_pair340
GTTCGTTTGTTCAAC	ACATCGAGGTCGTAA	primer_pair341
GTTCGTTTGTTCAAC	CGTTGAACAAACGAA	primer_pair342
GTTCGTTTGTTCAAC	TTAATCGTTGAACAA	primer_pair343
GTTCGTTTGTTCAAC	CATCGAGGTCGTAAA	primer_pair344
GTTCGTTTGTTCAAC	TAATCGTTGAACAAA	primer_pair345
GTTTACGACCTCGAT	TCGATTCCTTCCTTT	primer_pair346
GTTTACGACCTCGAT	TTCGATTCCTTCCTT	primer_pair347
GTTTACGACCTCGAT	AGGGTGACGGGCGGT	primer_pair348
GTTTACGACCTCGAT	GTTCGATTCCTTCCT	primer_pair349
GTTTACGACCTCGAT	TCTAATCCCAGTTTG	primer_pair350
GTTTACGACCTCGAT	CATTTTCGGGGTATG	primer_pair351
GTTTACGACCTCGAT	ATTTTCGGGGTATGG	primer_pair352
GTTTACGACCTCGAT	TTTTCGGGGTATGGG	primer_pair353
GTTTACGACCTCGAT	ATCGTTGAACAAACG	primer_pair354
GTTTACGACCTCGAT	TTTCGGGGTATGGGC	primer_pair355
GTTTACGACCTCGAT	GGTTCGATTCCTTCC	primer_pair356
GTTTACGACCTCGAT	TTCGGGGTATGGGCC	primer_pair357
GTTTACGACCTCGAT	TTGAACAAACGAACC	primer_pair358
GTTTACGACCTCGAT	TCGAGGTCGTAAACC	primer_pair359
GTTTACGACCTCGAT	GTTGAACAAACGAAC	primer_pair360
GTTTACGACCTCGAT	AATCGTTGAACAAAC	primer_pair361
GTTTACGACCTCGAT	AACATCGAGGTCGTA	primer_pair362
GTTTACGACCTCGAT	TCGTTGAACAAACGA	primer_pair363
GTTTACGACCTCGAT	ACATCGAGGTCGTAA	primer_pair364
GTTTACGACCTCGAT	CGTTGAACAAACGAA	primer_pair365
GTTTACGACCTCGAT	TTAATCGTTGAACAA	primer_pair366
GTTTACGACCTCGAT	CATCGAGGTCGTAAA	primer_pair367
GTTTACGACCTCGAT	TAATCGTTGAACAAA	primer_pair368
GTTTGTTCAACGATT	TCGATTCCTTCCTTT	primer_pair369
GTTTGTTCAACGATT	TTCGATTCCTTCCTT	primer_pair370
GTTTGTTCAACGATT	AGGGTGACGGGCGGT	primer_pair371
GTTTGTTCAACGATT	GTTCGATTCCTTCCT	primer_pair372
GTTTGTTCAACGATT	TCTAATCCCAGTTTG	primer_pair373
GTTTGTTCAACGATT	CATTTTCGGGGTATG	primer_pair374
GTTTGTTCAACGATT	ATTTTCGGGGTATGG	primer_pair375
GTTTGTTCAACGATT	TTTTCGGGGTATGGG	primer_pair376
GTTTGTTCAACGATT	ATCGTTGAACAAACG	primer_pair377
GTTTGTTCAACGATT	TTTCGGGGTATGGGC	primer_pair378
GTTTGTTCAACGATT	GGTTCGATTCCTTCC	primer_pair379
GTTTGTTCAACGATT	TTCGGGGTATGGGCC	primer_pair380
GTTTGTTCAACGATT	TTGAACAAACGAACC	primer_pair381
GTTTGTTCAACGATT	TCGAGGTCGTAAACC	primer_pair382
GTTTGTTCAACGATT	GTTGAACAAACGAAC	primer_pair383
GTTTGTTCAACGATT	ATCGAGGTCGTAAAC	primer_pair384
GTTTGTTCAACGATT	AACATCGAGGTCGTA	primer_pair385
GTTTGTTCAACGATT	TCGTTGAACAAACGA	primer_pair386
GTTTGTTCAACGATT	ACATCGAGGTCGTAA	primer_pair387
GTTTGTTCAACGATT	CGTTGAACAAACGAA	primer_pair388
GTTTGTTCAACGATT	TTAATCGTTGAACAA	primer_pair389
GTTTGTTCAACGATT	CATCGAGGTCGTAAA	primer_pair390
GTTTGTTCAACGATT	TAATCGTTGAACAAA	primer_pair391
TACGACCTCGATGTT	TCGATTCCTTCCTTT	primer_pair392
TACGACCTCGATGTT	TTCGATTCCTTCCTT	primer_pair393
TACGACCTCGATGTT	AGGGTGACGGGCGGT	primer_pair394
TACGACCTCGATGTT	GTTCGATTCCTTCCT	primer_pair395
TACGACCTCGATGTT	TCTAATCCCAGTTTG	primer_pair396
TACGACCTCGATGTT	CATTTTCGGGGTATG	primer_pair397
TACGACCTCGATGTT	ATTTTCGGGGTATGG	primer_pair398
TACGACCTCGATGTT	TTTTCGGGGTATGGG	primer_pair399
TACGACCTCGATGTT	ATCGTTGAACAAACG	primer_pair400
TACGACCTCGATGTT	TTTCGGGGTATGGGC	primer_pair401
TACGACCTCGATGTT	GGTTCGATTCCTTCC	primer_pair402
TACGACCTCGATGTT	TTCGGGGTATGGGCC	primer_pair403
TACGACCTCGATGTT	TTGAACAAACGAACC	primer_pair404
TACGACCTCGATGTT	TCGAGGTCGTAAACC	primer_pair405
TACGACCTCGATGTT	GTTGAACAAACGAAC	primer_pair406
TACGACCTCGATGTT	ATCGAGGTCGTAAAC	primer_pair407
TACGACCTCGATGTT	AATCGTTGAACAAAC	primer_pair408
TACGACCTCGATGTT	TCGTTGAACAAACGA	primer_pair409
TACGACCTCGATGTT	ACATCGAGGTCGTAA	primer_pair410
TACGACCTCGATGTT	CGTTGAACAAACGAA	primer_pair411
TACGACCTCGATGTT	TTAATCGTTGAACAA	primer_pair412
TACGACCTCGATGTT	CATCGAGGTCGTAAA	primer_pair413
TACGACCTCGATGTT	TAATCGTTGAACAAA	primer_pair414
TCGTTTGTTCAACGA	TCGATTCCTTCCTTT	primer_pair415
TCGTTTGTTCAACGA	TTCGATTCCTTCCTT	primer_pair416
TCGTTTGTTCAACGA	AGGGTGACGGGCGGT	primer_pair417
TCGTTTGTTCAACGA	GTTCGATTCCTTCCT	primer_pair418
TCGTTTGTTCAACGA	TCTAATCCCAGTTTG	primer_pair419
TCGTTTGTTCAACGA	CATTTTCGGGGTATG	primer_pair420
TCGTTTGTTCAACGA	ATTTTCGGGGTATGG	primer_pair421
TCGTTTGTTCAACGA	TTTTCGGGGTATGGG	primer_pair422
TCGTTTGTTCAACGA	ATCGTTGAACAAACG	primer_pair423
TCGTTTGTTCAACGA	TTTCGGGGTATGGGC	primer_pair424
TCGTTTGTTCAACGA	GGTTCGATTCCTTCC	primer_pair425
TCGTTTGTTCAACGA	TTCGGGGTATGGGCC	primer_pair426
TCGTTTGTTCAACGA	TTGAACAAACGAACC	primer_pair427
TCGTTTGTTCAACGA	TCGAGGTCGTAAACC	primer_pair428
TCGTTTGTTCAACGA	GTTGAACAAACGAAC	primer_pair429
TCGTTTGTTCAACGA	ATCGAGGTCGTAAAC	primer_pair430
TCGTTTGTTCAACGA	AATCGTTGAACAAAC	primer_pair431
TCGTTTGTTCAACGA	AACATCGAGGTCGTA	primer_pair432
TCGTTTGTTCAACGA	ACATCGAGGTCGTAA	primer_pair433
TCGTTTGTTCAACGA	CGTTGAACAAACGAA	primer_pair434
TCGTTTGTTCAACGA	TTAATCGTTGAACAA	primer_pair435
TCGTTTGTTCAACGA	CATCGAGGTCGTAAA	primer_pair436
TCGTTTGTTCAACGA	TAATCGTTGAACAAA	primer_pair437
TTACGACCTCGATGT	TCGATTCCTTCCTTT	primer_pair438
TTACGACCTCGATGT	TTCGATTCCTTCCTT	primer_pair439
TTACGACCTCGATGT	AGGGTGACGGGCGGT	primer_pair440
TTACGACCTCGATGT	GTTCGATTCCTTCCT	primer_pair441
TTACGACCTCGATGT	TCTAATCCCAGTTTG	primer_pair442
TTACGACCTCGATGT	CATTTTCGGGGTATG	primer_pair443
TTACGACCTCGATGT	ATTTTCGGGGTATGG	primer_pair444
TTACGACCTCGATGT	TTTTCGGGGTATGGG	primer_pair445
TTACGACCTCGATGT	ATCGTTGAACAAACG	primer_pair446
TTACGACCTCGATGT	TTTCGGGGTATGGGC	primer_pair447
TTACGACCTCGATGT	GGTTCGATTCCTTCC	primer_pair448
TTACGACCTCGATGT	TTCGGGGTATGGGCC	primer_pair449
TTACGACCTCGATGT	TTGAACAAACGAACC	primer_pair450
TTACGACCTCGATGT	TCGAGGTCGTAAACC	primer_pair451
TTACGACCTCGATGT	GTTGAACAAACGAAC	primer_pair452
TTACGACCTCGATGT	ATCGAGGTCGTAAAC	primer_pair453
TTACGACCTCGATGT	AATCGTTGAACAAAC	primer_pair454
TTACGACCTCGATGT	AACATCGAGGTCGTA	primer_pair455
TTACGACCTCGATGT	TCGTTGAACAAACGA	primer_pair456
TTACGACCTCGATGT	CGTTGAACAAACGAA	primer_pair457
TTACGACCTCGATGT	TTAATCGTTGAACAA	primer_pair458
TTACGACCTCGATGT	CATCGAGGTCGTAAA	primer_pair459
TTACGACCTCGATGT	TAATCGTTGAACAAA	primer_pair460
TTCGTTTGTTCAACG	TCGATTCCTTCCTTT	primer_pair461
TTCGTTTGTTCAACG	TTCGATTCCTTCCTT	primer_pair462
TTCGTTTGTTCAACG	AGGGTGACGGGCGGT	primer_pair463
TTCGTTTGTTCAACG	GTTCGATTCCTTCCT	primer_pair464
TTCGTTTGTTCAACG	TCTAATCCCAGTTTG	primer_pair465
TTCGTTTGTTCAACG	CATTTTCGGGGTATG	primer_pair466
TTCGTTTGTTCAACG	ATTTTCGGGGTATGG	primer_pair467
TTCGTTTGTTCAACG	TTTTCGGGGTATGGG	primer_pair468
TTCGTTTGTTCAACG	ATCGTTGAACAAACG	primer_pair469
TTCGTTTGTTCAACG	TTTCGGGGTATGGGC	primer_pair470
TTCGTTTGTTCAACG	GGTTCGATTCCTTCC	primer_pair471
TTCGTTTGTTCAACG	TTCGGGGTATGGGCC	primer_pair472
TTCGTTTGTTCAACG	TTGAACAAACGAACC	primer_pair473
TTCGTTTGTTCAACG	TCGAGGTCGTAAACC	primer_pair474
TTCGTTTGTTCAACG	GTTGAACAAACGAAC	primer_pair475
TTCGTTTGTTCAACG	ATCGAGGTCGTAAAC	primer_pair476
TTCGTTTGTTCAACG	AATCGTTGAACAAAC	primer_pair477
TTCGTTTGTTCAACG	AACATCGAGGTCGTA	primer_pair478
TTCGTTTGTTCAACG	TCGTTGAACAAACGA	primer_pair479
TTCGTTTGTTCAACG	ACATCGAGGTCGTAA	primer_pair480
TTCGTTTGTTCAACG	TTAATCGTTGAACAA	primer_pair481
TTCGTTTGTTCAACG	CATCGAGGTCGTAAA	primer_pair482
TTCGTTTGTTCAACG	TAATCGTTGAACAAA	primer_pair483
TTGTTCAACGATTAA	TCGATTCCTTCCTTT	primer_pair484
TTGTTCAACGATTAA	TTCGATTCCTTCCTT	primer_pair485
TTGTTCAACGATTAA	AGGGTGACGGGCGGT	primer_pair486
TTGTTCAACGATTAA	GTTCGATTCCTTCCT	primer_pair487
TTGTTCAACGATTAA	TCTAATCCCAGTTTG	primer_pair488
TTGTTCAACGATTAA	CATTTTCGGGGTATG	primer_pair489
TTGTTCAACGATTAA	ATTTTCGGGGTATGG	primer_pair490
TTGTTCAACGATTAA	TTTTCGGGGTATGGG	primer_pair491
TTGTTCAACGATTAA	ATCGTTGAACAAACG	primer_pair492
TTGTTCAACGATTAA	TTTCGGGGTATGGGC	primer_pair493
TTGTTCAACGATTAA	GGTTCGATTCCTTCC	primer_pair494
TTGTTCAACGATTAA	TTCGGGGTATGGGCC	primer_pair495
TTGTTCAACGATTAA	TTGAACAAACGAACC	primer_pair496
TTGTTCAACGATTAA	TCGAGGTCGTAAACC	primer_pair497
TTGTTCAACGATTAA	GTTGAACAAACGAAC	primer_pair498
TTGTTCAACGATTAA	ATCGAGGTCGTAAAC	primer_pair499
TTGTTCAACGATTAA	AATCGTTGAACAAAC	primer_pair500
TTGTTCAACGATTAA	AACATCGAGGTCGTA	primer_pair501
TTGTTCAACGATTAA	TCGTTGAACAAACGA	primer_pair502
TTGTTCAACGATTAA	ACATCGAGGTCGTAA	primer_pair503
TTGTTCAACGATTAA	CGTTGAACAAACGAA	primer_pair504
TTGTTCAACGATTAA	CATCGAGGTCGTAAA	primer_pair505
TTGTTCAACGATTAA	TAATCGTTGAACAAA	primer_pair506
TTTACGACCTCGATG	TCGATTCCTTCCTTT	primer_pair507
TTTACGACCTCGATG	TTCGATTCCTTCCTT	primer_pair508
TTTACGACCTCGATG	AGGGTGACGGGCGGT	primer_pair509
TTTACGACCTCGATG	GTTCGATTCCTTCCT	primer_pair510
TTTACGACCTCGATG	TCTAATCCCAGTTTG	primer_pair511
TTTACGACCTCGATG	CATTTTCGGGGTATG	primer_pair512
TTTACGACCTCGATG	ATTTTCGGGGTATGG	primer_pair513
TTTACGACCTCGATG	TTTTCGGGGTATGGG	primer_pair514
TTTACGACCTCGATG	ATCGTTGAACAAACG	primer_pair515
TTTACGACCTCGATG	TTTCGGGGTATGGGC	primer_pair516
TTTACGACCTCGATG	GGTTCGATTCCTTCC	primer_pair517
TTTACGACCTCGATG	TTCGGGGTATGGGCC	primer_pair518
TTTACGACCTCGATG	TTGAACAAACGAACC	primer_pair519
TTTACGACCTCGATG	TCGAGGTCGTAAACC	primer_pair520
TTTACGACCTCGATG	GTTGAACAAACGAAC	primer_pair521
TTTACGACCTCGATG	ATCGAGGTCGTAAAC	primer_pair522
TTTACGACCTCGATG	AATCGTTGAACAAAC	primer_pair523
TTTACGACCTCGATG	AACATCGAGGTCGTA	primer_pair524
TTTACGACCTCGATG	TCGTTGAACAAACGA	primer_pair525
TTTACGACCTCGATG	ACATCGAGGTCGTAA	primer_pair526
TTTACGACCTCGATG	CGTTGAACAAACGAA	primer_pair527
TTTACGACCTCGATG	TTAATCGTTGAACAA	primer_pair528
TTTACGACCTCGATG	TAATCGTTGAACAAA	primer_pair529
TTTGTTCAACGATTA	TCGATTCCTTCCTTT	primer_pair530
TTTGTTCAACGATTA	TTCGATTCCTTCCTT	primer_pair531
TTTGTTCAACGATTA	AGGGTGACGGGCGGT	primer_pair532
TTTGTTCAACGATTA	GTTCGATTCCTTCCT	primer_pair533
TTTGTTCAACGATTA	TCTAATCCCAGTTTG	primer_pair534
TTTGTTCAACGATTA	CATTTTCGGGGTATG	primer_pair535
TTTGTTCAACGATTA	ATTTTCGGGGTATGG	primer_pair536
TTTGTTCAACGATTA	TTTTCGGGGTATGGG	primer_pair537
TTTGTTCAACGATTA	ATCGTTGAACAAACG	primer_pair538
TTTGTTCAACGATTA	TTTCGGGGTATGGGC	primer_pair539
TTTGTTCAACGATTA	GGTTCGATTCCTTCC	primer_pair540
TTTGTTCAACGATTA	TTCGGGGTATGGGCC	primer_pair541
TTTGTTCAACGATTA	TTGAACAAACGAACC	primer_pair542
TTTGTTCAACGATTA	TCGAGGTCGTAAACC	primer_pair543
TTTGTTCAACGATTA	GTTGAACAAACGAAC	primer_pair544
TTTGTTCAACGATTA	ATCGAGGTCGTAAAC	primer_pair545
TTTGTTCAACGATTA	AATCGTTGAACAAAC	primer_pair546
TTTGTTCAACGATTA	AACATCGAGGTCGTA	primer_pair547
TTTGTTCAACGATTA	TCGTTGAACAAACGA	primer_pair548
TTTGTTCAACGATTA	ACATCGAGGTCGTAA	primer_pair549
TTTGTTCAACGATTA	CGTTGAACAAACGAA	primer_pair550
TTTGTTCAACGATTA	TTAATCGTTGAACAA	primer_pair551
TTTGTTCAACGATTA	CATCGAGGTCGTAAA	primer_pair552
